Birmingham News	AL	http://www.al.com/birminghamnews
Press-Register	AL	http://www.al.com/pressregister
Huntsville Times	AL	http://www.al.com/huntsvilletimes
Montgomery Advertiser	AL	http://www.montgomeryadvertiser.com
Tuscaloosa News	AL	http://www.tuscaloosanews.com
Dothan Eagle	AL	http://www.dothaneagle.com
TimesDaily	AL	http://www.timesdaily.com
Gadsden Times	AL	http://www.gadsdentimes.com
Times-Journal	AL	http://www.times-journal.com
Daily Mountain Eagle	AL	http://www.mountaineagle.com
Alaska Journal of Commerce	AK	http://www.alaskajournal.com
Alaska Star	AK	http://www.alaskastar.com
The Anchorage Daily News	AK	http://www.adn.com
Anchorage Press	AK	http://www.anchoragepress.com
Arctic Sounder	AK	http://www.thearcticsounder.com
Bristol Bay Times	AK	http://www.thebristolbaytimes.com
Capital City Weekly	AK	http://www.capweek.com
Chilkat Valley News	AK	http://www.chilkatvalleynews.com
Cordova Times	AK	http://www.thecordovatimes.com
Dutch Harbor Fisherman	AK	http://www.thedutchharborfisherman.com/
Fairbanks Daily News-Miner	AK	http://www.newsminer.com
Homer News	AK	http://www.homernews.com
Homer Tribune	AK	http://www.homertribune.com
Juneau Empire	AK	http://www.juneauempire.com
Ketchikan Daily News	AK	http://www.ketchikandailynews.com
Kodiak Daily Mirror	AK	http://www.kodiakdailymirror.com
Mat-Su Valley Frontiersman	AK	/wiki/Homer_News
Mat-Su Valley Frontiersman	AK	http://www.frontiersman.com
Peninsula Clarion	AK	http://www.peninsulaclarion.com
Petersburg Pilot	AK	http://www.petersburgpilot.com
Petroleum News	AK	http://www.petroleumnews.com
Seward Phoenix Log	AK	http://www.thesewardphoenixlog.com
Daily Sitka Sentinel	AK	http://www.sitkasentinel.com
Tundra Drums	AK	http://www.thetundradrums.com
Ajo Copper News	AZ	http://www.cunews.info/news/news.html
Arizona Daily Star	AZ	http://www.azstarnet.com/
Arizona Daily Sun	AZ	http://www.azdailysun.com/
Bisbee Observer	AZ	/wiki/Bisbee,_Arizona
Casa Grande Dispatch	AZ	/wiki/Casa_Grande,_Arizona
East Valley Tribune	AZ	/wiki/Mesa,_Arizona
Inside Tucson Business	AZ	http://www.azbiz.com/
Navajo Times	AZ	http://www.navajotimes.com/
Navajo Hopi Observer	AZ	/wiki/Flagstaff,_Arizona
Nogales International	AZ	/wiki/Nogales,_Arizona
Phoenix Business Journal	AZ	/wiki/Phoenix,_Arizona
Phoenix Gazette	AZ	/wiki/Phoenix,_Arizona
Phoenix New Times	AZ	/wiki/Phoenix,_Arizona
Sedona Red Rock News	AZ	/wiki/Sedona,_Arizona
Sierra Vista Herald	AZ	/wiki/Sierra_Vista,_Arizona
The Arizona Republic	AZ	/wiki/Star_Tribune
The Arizona Republic	AZ	/wiki/Phoenix,_Arizona
The Daily Dispatch	AZ	/wiki/Douglas,_Arizona
The Daily Dispatch	AZ	/wiki/Henderson,_North_Carolina
The Navajo Times	AZ	/wiki/Window_Rock,_Arizona
Tucson Citizen	AZ	/wiki/Tucson,_Arizona
Tucson Weekly	AZ	/wiki/Tucson,_Arizona
Weekly Arizonian	AZ	/wiki/Tubac,_Arizona
Weekly Arizonian	AZ	/wiki/Tubac,_Arizona
Weekly Arizonian	AZ	/wiki/Tubac,_Arizona
Weekly Arizonian	AZ	/wiki/Tubac,_Arizona
The Noise	AZ	http://www.thenoise.us/
Arkansas Democrat-Gazette	AR	http://www.arkansasonline.com
Arkansas Times	AR	http://www.arktimes.com
Log Cabin Democrat	AR	http://www.thecabin.net
Northwest Arkansas Times	AR	http://www.nwanews.com
Sherwood Voice	AR	/wiki/Sherwood,_Arkansas
Southwest Times Record	AR	/wiki/Fort_Smith,_Arkansas
The Baxter Bulletin	AR	http://www.baxterbulletin.com
The Daily World	AR	/wiki/Aberdeen,_Washington
Times-Herald	AR	/wiki/Vallejo,_California
Alameda Times-Star	CA	/w/index.php?title=Modoc_County_Record&action=edit&redlink=1
Auburn Journal	CA	/wiki/Auburn,_California
Bakersfield Californian	CA	/wiki/Bakersfield,_California
Berkeley Daily Planet	CA	/wiki/Berkeley,_California
The Daily Californian	CA	/wiki/East_Bay_Daily_News
East Bay Daily News	CA	/wiki/Big_Bear_Grizzly
Big Bear Grizzly	CA	/wiki/Big_Bear_Lake,_California
Hellenic Journal	CA	/wiki/Brisbane,_California
Burlingame Daily News	CA	/wiki/Burlingame,_California
Chico Enterprise-Record	CA	/wiki/Chico,_California
Chino Champion	CA	/wiki/Chino,_California
The Daily Triplicate	CA	/wiki/Crescent_City,_California
Imperial Valley Press	CA	/wiki/El_Centro,_California
East Bay Express	CA	/wiki/Emeryville,_California
North County Times	CA	/wiki/Escondido,_California
Times-Standard	CA	/w/index.php?title=The_Daily_Republic&action=edit&redlink=1
Mountain Enterprise	CA	/wiki/Frazier_Park,_California
The Fresno Bee	CA	/wiki/Fresno,_California
Half Moon Bay Review	CA	/wiki/Half_Moon_Bay,_California
Daily Review	CA	/wiki/Hayward,_California
Huntington Beach Independent	CA	/wiki/Huntington_Beach,_California
Lodi News-Sentinel	CA	/wiki/Lodi,_California
Long Beach Press-Telegram	CA	/w/index.php?title=Los_Altos_Town_Crier&action=edit&redlink=1
Asbarez	CA	/w/index.php?title=California_Staats-Zeitung&action=edit&redlink=1
City News Los Angeles	CA	/wiki/The_Daily_Bruin
Investor's Business Daily	CA	/w/index.php?title=Kach_Nazar&action=edit&redlink=1
Los Angeles Sentinel	CA	/wiki/Los_Angeles_Times
Los Angeles Times	CA	/wiki/The_Washington_Post
Los Angeles Times	CA	/w/index.php?title=Lraper&action=edit&redlink=1
Pacific Citizen	CA	/w/index.php?title=Serichon_Prachamiti&action=edit&redlink=1
Los Gatos Daily News	CA	/wiki/Los_Gatos,_California
Los Gatos Observer	CA	/w/index.php?title=Los_Gatos_Weekly_Times&action=edit&redlink=1
Malibu Times	CA	/wiki/Malibu,_California
Manteca Bulletin	CA	/wiki/Manteca,_California
Sun Post	CA	/wiki/Appeal-Democrat
Appeal-Democrat	CA	/wiki/Marysville,_California
Mendocino Beacon	CA	/wiki/Mendocino,_California
Merced Sun-Star	CA	/wiki/Merced,_California
Milpitas Post	CA	/wiki/Milpitas,_California
The Modesto Bee	CA	/wiki/Modesto,_California
The Monterey County Herald	CA	/w/index.php?title=Moorpark_Acorn&action=edit&redlink=1
Napa Valley Register	CA	/wiki/Napa,_California
Marin Independent Journal	CA	/wiki/Novato,_California
Oakland Tribune	CA	/wiki/Chicago_Tribune
Oakland Tribune	CA	/wiki/Oakland,_California
Inland Valley Daily Bulletin	CA	/wiki/Ontario,_California
The Desert Sun	CA	/wiki/Palm_Springs,_California
Antelope Valley Press	CA	/wiki/Palo_Alto_Daily_News
Palo Alto Daily News	CA	/wiki/Palo_Alto,_California
Palo Alto Daily Post	CA	/w/index.php?title=Palos_Verdes_Peninsula_News&action=edit&redlink=1
Pasadena Star-News	CA	/w/index.php?title=Paso_Pobles_Press&action=edit&redlink=1
Tri-Valley Herald	CA	/wiki/Pleasanton,_California
Red Bluff Daily News	CA	/wiki/Red_Bluff,_California
Redlands Daily Facts	CA	/wiki/Redlands,_California
Redwood City Daily News	CA	/wiki/Redwood_City,_California
The Daily Independent	CA	/wiki/Ridgecrest,_California
Humor Times	CA	/wiki/Sacramento,_California
The Sacramento Bee	CA	/w/index.php?title=Sacramento_Observer&action=edit&redlink=1
The Salinas Californian	CA	/wiki/The_Sun_(San_Bernardino)
The San Diego Union-Tribune	CA	/wiki/San_Francisco_Chronicle
The San Diego Union-Tribune	CA	/w/index.php?title=Nichi_Bei_Times&action=edit&redlink=1
San Francisco Chronicle	CA	/wiki/The_Star-Ledger
San Francisco Chronicle	CA	/wiki/San_Francisco_Daily
San Francisco Daily	CA	/wiki/San_Francisco_Examiner
San Francisco Examiner	CA	/wiki/The_Wall_Street_Journal
The Wall Street Journal	CA	/wiki/USA_Today
The Wall Street Journal	CA	/wiki/San_Jose_Mercury_News
The Wall Street Journal	CA	http://www.wsj.com
San Jose Mercury News	CA	/wiki/Contra_Costa_Times
San Jose Mercury News	CA	/wiki/San_Jose,_California
Today's Local News	CA	/wiki/San_Marcos,_California
San Mateo County Times	CA	/wiki/San_Mateo,_California
San Mateo Daily Journal	CA	/wiki/The_Orange_County_Register
The Orange County Register	CA	/wiki/Santa_Ana,_California
Santa Barbara Daily Sound	CA	/wiki/Santa_Barbara,_California
Santa Barbara News-Press	CA	/wiki/The_Signal
The Signal	CA	/wiki/Santa_Clarita,_California
Santa Cruz Sentinel	CA	/wiki/Santa_Cruz,_California
Santa Monica Daily Press	CA	/wiki/Santa_Monica,_California
The Press Democrat	CA	/wiki/Santa_Rosa,_California
The Union-Democrat	CA	/wiki/Sonora,_California
The Stanford Daily	CA	/wiki/Stanford,_California
Taft Independent	CA	/wiki/Taft,_California
The Daily Breeze	CA	/wiki/Torrance,_California
Tracy Press	CA	/wiki/Tracy,_California
Turlock Journal	CA	/wiki/Turlock,_California
Times-Herald	CA	/wiki/Vallejo,_California
Ventura County Star	CA	/wiki/Ventura,_California
Contra Costa Times	CA	/wiki/Oakland_Tribune
Contra Costa Times	CA	/wiki/Walnut_Creek,_California
Watsonville Register-Pajaronian	CA	/wiki/Watsonville,_California
San Gabriel Valley Tribune	CA	/wiki/West_Covina,_California
The Daily Democrat	CA	/wiki/Woodland,_California
Akron News-Reporter	CO	http://www.akronnewsreporter.com
Aspen Daily News	CO	http://www.aspendailynews.com
Aurora Sentinel	CO	http://www.aurorasentinel.com
Broomfield Enterprise	CO	http://www.broomfieldenterprise.com
Boulder Weekly	CO	http://www.boulderweekly.com
Brush News-Tribune	CO	http://www.brushnewstribune.com
Burlington Record	CO	http://www.burlingtonrecordonline.com
Canyon Courier	CO	http://www.canyoncourier.com
The Coloradoan	CO	http://www.coloradoan.com
Colorado Daily	CO	http://www.coloradodaily.com
Colorado Springs Independent	CO	http://www.csindy.com
Daily Camera	CO	http://www.dailycamera.com
The Daily Planet	CO	http://www.telluridenews.com
Daily Times-Call	CO	http://www.longmontfyi.com
Denver Business Journal	CO	http://www.bizjournals.com/denver/
Denver Daily News	CO	http://www.thedenverdailynews.com
The Denver Post	CO	/wiki/The_Arizona_Republic
The Denver Post	CO	http://www.denverpost.com
The Durango Herald	CO	http://www.durangoherald.com
Estes Park Trail-Gazette	CO	http://www.eptrail.com
The Fort Morgan Times	CO	http://www.fortmorgantimes.com
Gunnison County Times	CO	http://www.gunnisontimes.com
Herald Democrat	CO	http://www.leadvilleherald.com
High Country News	CO	http://www.hcn.org
Intermountain Jewish News	CO	http://www.ijn.com
Journal-Advocate	CO	http://www.journal-advocate.com
Julesburg Advocate	CO	http://www.julesburgadvocate.com
Lamar Ledger	CO	http://www.lamarledger.com
Law Week Colorado	CO	http://www.lawweekonline.com
Connecticut Post	CT	http://www.connpost.com
Hartford Courant	CT	http://www.courant.com
Journal Inquirer	CT	http://www.JournalInquirer.com
New Haven Register	CT	http://www.nhregister.com
Norwich Bulletin	CT	/wiki/The_Keene_Sentinel
Norwich Bulletin	CT	http://www.norwichbulletin.com
Republican-American	CT	http://www.www.rep-am.com
Yale Daily News	CT	http://www.yaledailynews.com
Dover Post	DE	http://www.doverpost.com
Newark Post	DE	http://www.newarkpostonline.com
Alachua County Today	FL	#cite_note-3
Boca Raton News	FL	/wiki/Boca_Raton,_Florida
The Bradenton Times	FL	/wiki/Bradenton,_Florida
The Bradenton Herald	FL	/wiki/Bradenton,_Florida
The Coral Gables Gazette	FL	/wiki/Coral_Gables,_Florida
Daytona Beach News Journal	FL	/wiki/Daytona_Beach,_Florida
El Nuevo Herald	FL	/wiki/Miami,_Florida
Florida Jewish News	FL	/wiki/Palm_Beach_County,_Florida
Florida Keys Keynoter	FL	/wiki/Marathon,_Florida
Florida Times-Union	FL	/wiki/Jacksonville,_Florida
Florida Today	FL	/wiki/Melbourne,_Florida
Florida Weekly	FL	/wiki/Fort_Myers,_Florida
Folio Weekly	FL	/wiki/Jacksonville,_Florida
Fort Myers News-Press	FL	/wiki/Fort_Myers,_Florida
Good News in South Florida	FL	/wiki/Palm_Beach_County,_Florida
Highlands Today	FL	/wiki/Sebring,_Florida
Key West Citizen	FL	/wiki/Key_West,_Florida
La Gaceta	FL	/wiki/Tampa,_Florida
Lake City Reporter	FL	/wiki/Lake_City,_Florida
The Ledger	FL	/wiki/Lakeland,_Florida
Lush For Life	FL	/wiki/Tampa,_Florida
Miami Herald	FL	/wiki/Miami,_Florida
Miami New Times	FL	/wiki/Miami,_Florida
Miami Today	FL	/wiki/Miami,_Florida
Naples Daily News	FL	/wiki/Naples,_Florida
News Chief	FL	/wiki/Winter_Haven,_Florida
News Herald	FL	/wiki/Panama_City,_Florida
New Times Broward-Palm Beach	FL	/wiki/Fort_Lauderdale,_Florida
Orlando Sentinel	FL	/wiki/Orlando,_Florida
The Osceola News-Gazette	FL	/wiki/Kissimmee,_Florida
Palm Beach Post	FL	/wiki/West_Palm_Beach,_Florida
Pensacola News Journal	FL	/wiki/Pensacola,_Florida
Press Journal	FL	/wiki/Vero_Beach,_Florida
Sarasota Herald-Tribune	FL	/wiki/Sarasota,_Florida
Sarasota Journal	FL	/wiki/Sarasota,_Florida
South Florida Sun-Sentinel	FL	/wiki/Fort_Lauderdale,_Florida
St. Augustine Record	FL	/wiki/St._Augustine,_Florida
St. Petersburg Times	FL	/wiki/The_Oregonian
St. Petersburg Times	FL	/wiki/St._Petersburg,_Florida
Tallahassee Democrat	FL	/wiki/Tallahassee,_Florida
Tampa Tribune	FL	/wiki/Tampa,_Florida
Americus Times-Recorder	GA	/wiki/Americus,_Georgia
Athens Banner Herald	GA	/wiki/Athens,_Georgia
The Atlanta Journal-Constitution	GA	http://www.ajc.com/
Augusta Chronicle	GA	/wiki/Augusta,_Georgia
Columbus Ledger-Enquirer	GA	http://www.l-e-o.com
Cordele Dispatch	GA	http://www.cordeledispatch.com
Creative Loafing	GA	/w/index.php?title=Donalsonville_News&action=edit&redlink=1
The Moultrie Observer	GA	/wiki/Moultrie,_Georgia
The Covington News	GA	http://www.covnews.com
The Red and Black	GA	/wiki/University_of_Georgia
The Rockdale News	GA	http://www.rockdalenews.net
Rome News-Tribune	GA	/wiki/Rome,_Georgia
Savannah Morning News	GA	/wiki/Savannah,_Georgia
Statesboro Herald	GA	/wiki/Statesboro,_Georgia
The Technique	GA	/wiki/Georgia_Institute_of_Technology
Thomasville Times-Enterprise	GA	/wiki/Thomasville,_Georgia
The Valdosta Daily Times	GA	/wiki/Valdosta,_Georgia
Hawaii 24/7	HI	http://www.hawaii247.com
Hawaii Catholic Herald	HI	/wiki/Hawaii_Island_Journal
Hawaii Island Journal	HI	/w/index.php?title=Hawaii_Marine&action=edit&redlink=1
Hawaii Tribune-Herald	HI	/wiki/Honolulu_Star-Advertiser
Honolulu Star-Advertiser	HI	/wiki/Honolulu
Honolulu Weekly	HI	/wiki/Ka_Leo_O_Hawaii
Ka Leo O Hawaii	HI	/wiki/Maui_News
Maui News	HI	http://www.mauinews.com
Molokai Island Times	HI	/w/index.php?title=North_Hawaii_News&action=edit&redlink=1
Pacific Business News	HI	/wiki/The_Garden_Island
The Garden Island	HI	/wiki/Lihue,_Hawaii
West Hawaii Today	HI	/w/index.php?title=List_of_newspapers_in_the_United_States&action=edit&section=15
Bonner County Daily Bee	ID	http://www.bonnercountydailybee.com
Idaho State Journal	ID	http://www.journalnet.com
Lewiston Morning Tribune	ID	http://www.lmtribune.com
Belleville News-Democrat	IL	http://www.bnd.com
Chicago Defender	IL	http://www.chicagodefender.com
Chicago Sun-Times	IL	/wiki/Detroit_Free_Press
Chicago Sun-Times	IL	http://www.suntimes.com
Chicago Tribune	IL	/wiki/Houston_Chronicle
Chicago Tribune	IL	http://www.chicagotribune.com
Commercial-News	IL	http://www.commercial-news.com
Edwardsville Intelligencer	IL	http://www.goedwardsville.com
Effingham Daily News	IL	http://www.effinghamdailynews.com
Herald & Review	IL	http://www.herald-review.com
Kane County Chronicle	IL	http://www.kcchronicle.com
Lincoln Courier	IL	http://www.lincolncourier.com
Moline Daily Dispatch	IL	http://www.qconline.com
Mt. Vernon Register-News	IL	http://www.register-news.com
Peoria Journal Star	IL	http://www.pjstar.com
Peoria Journal Star	IL	http://www.pjstar.com
Quincy Herald-Whig	IL	http://www.whig.com
Shelbyville Daily Union	IL	http://www.shelbyvilledailyunion.com
Southern Illinoisan	IL	http://www.thesouthern.com
SouthtownStar	IL	http://www.dailysouthtown.com
SouthtownStar	IL	http://www.southtownstar.com
Herald-Republican	IN	http://www.kpcnews.com
The Herald-Times	IN	http://www.heraldtimesonline.com
The Paper of Montgomery County	IN	http://www.thepaper24-7.com
The Paper of Montgomery County	IN	http://www.thepaper24-7.com
The Elkhart Truth	IN	http://www.etruth.com
Evansville Courier & Press	IN	http://www.courierpress.com
The Journal Gazette	IN	http://www.journalgazette.net
The News-Sentinel	IN	http://www.news-sentinel.com
Greensburg Daily News	IN	http://www.greensburgdailynews.com
Indianapolis Business Journal	IN	/wiki/Indianapolis,_Indiana
The Indianapolis Star	IN	http://www.indystar.com
The Southside Times	IN	/wiki/Indianapolis,_Indiana
Evening News and Tribune	IN	http://www.news-tribune.net
Kokomo Tribune	IN	http://www.kokomotribune.com
Journal & Courier	IN	http://www.jconline.com
Greene County Daily World	IN	http://www.dailycitizen.com
Pharos-Tribune	IN	http://www.pharostribune.com
Chronicle-Tribune	IN	http://www.chronicle-tribune.com
Post-Tribune	IN	http://www.post-trib.com
The News-Dispatch	IN	http://www.michigancityin.com
The Paper of Montgomery County	IN	http://www.thepaper24-7.com
The Paper of Montgomery County	IN	http://www.thepaper24-7.com
Herald Journal	IN	http://www.hjnews.com
The Star Press	IN	http://www.thestarpress.com
The Times of Northwest Indiana	IN	http://www.nwitimes.com
Peru Tribune	IN	http://www.miamicountylife.com
Princeton Daily Clarion	IN	http://www.pdclarion.com
Palladium-Item	IN	http://www.pal-item.com
Rushville Republican	IN	http://www.rushvillerepublican.com
South Bend Tribune	IN	http://www.southbendtribune.com
Journal of Business	IN	http://www.spencereveningworld.com
Tribune-Star	IN	http://www.tribstar.com
Ames Tribune	IA	http://www.amestrib.com
Burlington Hawk Eye	IA	http://www.thehawkeye.com
Cedar Rapids Gazette	IA	http://www.gazetteonline.com/
Clinton Herald	IA	http://www.clintonherald.com
Des Moines Register	IA	http://www.DesMoinesRegister.com/
Fort Dodge Messenger	IA	http://www.messengernews.com
Iowa City Press-Citizen	IA	http://www.press-citizen.com
Mason City Globe-Gazette	IA	http://www.globegazette.com/
Muscatine Journal	IA	http://www.muscatinejournal.com
Newton Daily News	IA	http://www.newtondailynews.com
Oskaloosa Herald	IA	http://www.oskaloosaherald.com
Ottumwa Courier	IA	http://www.ottumwacourier.com
Quad-City Times	IA	http://www.qctimes.com/
Sioux City Journal	IA	http://www.siouxcityjournal.com/
Waterloo-Cedar Falls Courier	IA	http://www.wcfcourier.com
Emporia Gazette	KS	http://www.emporiagazette.com
Fort Scott Tribune	KS	http://www.fstribune.com
The Lawrence Journal-World	KS	http://www.ljworld.com
Leavenworth Times	KS	http://www.leavenworthtimes.com
The Olathe News	KS	http://www.olathedailynews.com
Topeka Capital-Journal	KS	http://www.cjonline.com
The Wichita Eagle	KS	http://www.wichitaeagle.com
The Advocate Messenger	KY	http://www.amnews.com
The Anderson News	KY	/wiki/Lawrenceburg,_Kentucky
Barren County Progress	KY	/wiki/Glasgow,_Kentucky
The Cadiz Record	KY	http://www.cadizrecord.com
Commonwealth Journal	KY	http://www.somerset-kentucky.com
The Courier-Journal	KY	http://www.courier-journal.com
The Floyd County Times	KY	http://www.floydcountytimes.com
Glasgow Daily Times	KY	http://www.glasgowdailytimes.com
The Harlan Daily Enterprise	KY	http://www.harlandaily.com
Henderson Gleaner	KY	http://www.thegleaner.com
Kentucky New Era	KY	http://www.kentuckynewera.com
The Kentucky Standard	KY	/wiki/Bardstown,_Kentucky
Lexington Herald-Leader	KY	http://www.kentucky.com
Louisville Eccentric Observer	KY	http://www.leoweekly.com
News Democrat & Leader	KY	http://www.newsdemocratleader.com
The Oldham Era	KY	http://www.oldhamera.com
The Paducah Sun	KY	http://www.paducahsun.com
The Paintsville Herald	KY	http://www.paintsvilleherald.com
Park City Daily News	KY	http://www.bgdailynews.com
Richmond Register	KY	http://www.richmondregister.com
Donaldsonville Chief	LA	/wiki/Donaldsonville,_Louisiana
The News-Star	LA	http://www.thenewsstar.com
New Orleans Tribune	LA	/wiki/New_Orleans
The Times-Picayune	LA	/wiki/New_Orleans
The Daily Comet	LA	/wiki/Thibodaux,_Louisiana
Bangor Daily News	ME	http://www.bangordailynews.com
Journal Tribune	ME	http://www.journaltribune.com
Kennebec Journal	ME	http://www.kennebecjournal.mainetoday.com
Morning Sentinel	ME	http://www.morningsentinel.mainetoday.com
Portland Daily Sun	ME	http://www.portlanddailysun.me
Portland Press Herald	ME	http://www.pressherald.com
The Times Record	ME	/wiki/Denton,_Maryland
Baltimore Afro-American	MD	/wiki/Baltimore,_Maryland
Baltimore City Paper	MD	http://www.citypaper.com
The Baltimore Examiner	MD	http://www.baltimoreexaminer.com
The Baltimore Sun	MD	http://www.baltimoresun.com
Cumberland Times-News	MD	http://www.www.times-news.com
The Frederick News-Post	MD	http://www.fredericknewspost.com
Greenbelt News Review	MD	/wiki/Greenbelt,_Maryland
The Kent Island Bay Times	MD	/wiki/Stevensville,_Maryland
The Star Democrat	MD	/wiki/Easton,_Maryland
The Times Record	MD	/wiki/Denton,_Maryland
Athol Daily News	MA	http://www.atholdailynews.com
The Berkshire Eagle	MA	/wiki/The_Recorder_(Greenfield)
The Berkshire Eagle	MA	http://www.berkshireeagle.com
The Boston Globe	MA	http://www.boston.com/globe
Boston Herald	MA	http://www.bostonherald.com
Cape Cod Times	MA	http://www.capecodonline.com
Daily Hampshire Gazette	MA	/wiki/Pittsburgh_Post-Gazette
Daily Hampshire Gazette	MA	http://www.gazettenet.com
The Daily News of Newburyport	MA	http://www.newburyportnews.com
The Daily News Transcript	MA	http://www.dailynewstranscript.com
The Daily News Tribune	MA	http://www.dailynewstribune.com
Daily Times Chronicle	MA	http://www.woburnonline.com
The Eagle-Tribune	MA	http://www.eagletribune.com
The Gardner News	MA	http://www.thegardnernews.com
Gloucester Daily Times	MA	http://www.gloucestertimes.com
Malden Evening News	MA	/wiki/Malden,_Massachusetts
Medford Daily Mercury	MA	/wiki/Medford,_Massachusetts
The MetroWest Daily News	MA	http://www.metrowestdailynews.com
The Milford Daily News	MA	http://www.milforddailynews.com
North Adams Transcript	MA	http://www.thetranscript.com
The Patriot Ledger	MA	http://www.patriotledger.com
The Republican	MA	http://www.masslive.com
The Salem News	MA	http://www.salemnews.com
Sentinel & Enterprise	MA	http://www.sentinelandenterprise.com
Southbridge Evening News	MA	http://www.southbridgeeveningnews.com
The Sun Chronicle	MA	http://www.thesunchronicle.com
Taunton Daily Gazette	MA	http://www.tauntongazette.com
Telegram & Gazette	MA	http://www.telegram.com
The Wakefield Daily Item	MA	http://www.wakefielditem.com
Westfield Evening News	MA	/wiki/Westfield,_Massachusetts
Brooklyn	MI	/wiki/The_Buffalo_News
Kalamazoo	MI	http://www.kalamazoo-gazette.com
Mackinac Island	MI	/wiki/Mackinac_Island_Town_Crier
Austin Daily Herald	MN	http://www.austindailyherald.com
Brainerd Dispatch	MN	http://www.brainerddispatch.com
Duluth News Tribune	MN	http://www.duluthnews.com
The Daily Journal	MN	/wiki/Fergus_Falls,_Minnesota
The Daily Journal	MN	http://www.thedailyjournal.com
Finance and Commerce	MN	http://www.finance-commerce.com
MinnPost.com	MN	http://www.minnpost.com
St. Paul Pioneer Press	MN	http://www.twincities.com/mld/twincities/
St. Paul Pioneer Press	MN	/wiki/St._Paul,_Minnesota
Star Tribune	MN	/wiki/The_Dallas_Morning_News
Star Tribune	MN	http://www.startribune.com
Owatonna People's Press	MN	/wiki/Owatonna,_Minnesota
Red Wing Republican Eagle	MN	/wiki/Red_Wing,_Minnesota
Post-Bulletin	MN	http://www.postbulletin.com
St. Paul Pioneer Press	MN	http://www.twincities.com/mld/twincities/
St. Paul Pioneer Press	MN	/wiki/St._Paul,_Minnesota
Winona Daily News	MN	/wiki/Winona,_Minnesota
Commercial Dispatch	MS	http://www.cdispatch.com
Laurel Leader-Call	MS	http://www.leadercall.com
Northeast Mississippi Daily Journal	MS	http://www.djournal.com/pages
Picayune Item	MS	http://www.picayuneitem.com
Columbia Daily Tribune	MO	http://www.columbiatribune.com
Columbia Missourian	MO	http://columbiamissourian.com/
Joplin Globe	MO	/wiki/Joplin,_Missouri
The Kansas City Star	MO	http://www.kcstar.com
St. Louis Globe-Democrat	MO	http://www.globe-democrat.com/
St. Louis Post-Dispatch	MO	http://www.stltoday.com/
The Daily Star-Journal	MO	/wiki/Warrensburg,_Missouri
Billings Gazette	MT	http://www.billingsgazette.com
Montana Standard	MT	/wiki/Butte,_Montana
Great Falls Tribune	MT	/wiki/Great_Falls,_Montana
Havre Daily News	MT	/wiki/Havre,_Montana
Helena Independent Record	MT	/wiki/Helena,_Montana
Missoulian	MT	http://www.missoulian.com
Missoula Independent	MT	http://www.missoulanews.com
Montana Kaimin	MT	http://www.montanakaimin.com
Columbus Telegram	NE	http://www.columbustelegram.com
Daily Nebraskan	NE	http://www.dailynebraskan.com
Grand Island Independent	NE	http://www.theindependent.com
Hastings Tribune	NE	http://www.hastingstribune.com/
Kearney Hub	NE	http://www.kearneyhub.com
Lincoln Journal Star	NE	http://www.journalstar.com
McCook Daily Gazette	NE	http://www.mccookgazette.com/
Norfolk Daily News	NE	http://www.norfolkdailynews.com/
Omaha World-Herald	NE	http://www.omaha.com
Omaha Star	NE	http://www.omahastarinc.com
Las Vegas Review-Journal	NV	/wiki/Las_Vegas,_Nevada
Reno Gazette-Journal	NV	http://www.rgj.com
Nevada Appeal	NV	http://www.tahoe.com/appeal
Las Vegas Sun	NV	http://www.lasvegassun.com
Summerlin Home News	NV	http://www.summerlinhomenews.com
Boulder City News	NV	http://www.bouldercitynews.com
The Berlin Daily Sun	NH	http://www.MountWashingtonValley.com/BDS
Concord Monitor	NH	http://www.concordmonitor.com
The Conway Daily Sun	NH	http://www.conwaydailysun.com
The Dartmouth	NH	http://www.thedartmouth.com
Foster's Daily Democrat	NH	http://www.fosters.com
Keene Sentinel	NH	http://www.keenesentinel.com
The Laconia Daily Sun	NH	http://www.laconiadailysun.com
New Hampshire Union Leader	NH	http://www.UnionLeader.com
The Portsmouth Herald	NH	http://www.Seacoastonline.com
Valley News	NH	http://www.vnews.com
Asbury Park Press	NJ	http://www.app.com
America Oggi	NJ	http://www.americaoggi.info
Burlington County Times	NJ	http://www.phillyburbs.com
Courier-Post	NJ	http://www.courierpostonline.com
The Daily Journal	NJ	/wiki/Fergus_Falls,_Minnesota
The Daily Journal	NJ	http://www.thedailyjournal.com
Gloucester County Times	NJ	http://www.nj.com/gloucester
Herald News	NJ	http://www.northjersey.com
Home News Tribune	NJ	http://www.thnt.com
Jersey Journal	NJ	http://www.nj.com/jjournal
New Jersey Herald	NJ	http://www.njherald.com
The News of Cumberland County	NJ	http://www.nj.com/bridgeton
The Star-Ledger	NJ	/w/index.php?title=List_of_newspapers_in_the_United_States&action=edit&section=2
The Star-Ledger	NJ	http://www.nj.com/starledger
Press of Atlantic City	NJ	http://www.pressplus.com
Today's Sunbeam	NJ	http://www.nj.com/sunbeam
The Trentonian	NJ	http://www.trentonian.com
Alamogordo Daily News	NM	http://www.alamogordonews.com
Albuquerque Tribune	NM	http://www.abqtrib.com
Albuquerque Journal	NM	http://www.abqjournal.com
Hobbs News-Sun	NM	http://www.hobbsnews.com
Las Cruces Bulletin	NM	http://www.lascrucesbulletin.com
Las Cruces Sun-News	NM	http://www.lcsun-news.com
Lea County Tribune	NM	http://www.leacountytribuneonline.com/
Roswell Daily Record	NM	http://www.roswell-record.com/
Santa Fe New Mexican	NM	http://www.sfnewmexican.com
The Taos News	NM	http://www.taosnews.com
AM New York	NY	http://www.amny.com
Brooklyn Eagle	NY	http://www.brooklyneagle.com
The Buffalo News	NY	http://www.buffalonews.com
Columbia Daily Spectator	NY	http://www.www.columbiaspectator.com
Daily Freeman	NY	http://www.dailyfreeman.com
The Daily Gazette	NY	http://www.dailygazette.com
Democrat and Chronicle	NY	http://www.rochesterdandc.com
The Ithaca Journal	NY	http://www.theithacajournal.com
The Journal News	NY	http://www.nyjournalnews.com
The Journal-Register	NY	http://www.journal-register.com
Lockport Union-Sun & Journal	NY	http://www.lockportjournal.com
New York Daily News	NY	http://www.nydailynews.com
New York Post	NY	/wiki/San_Jose_Mercury_News
New York Post	NY	/wiki/The_Post_and_Courier
New York Post	NY	http://www.nypostonline.com
The New York Times	NY	/wiki/Los_Angeles_Times
The New York Times	NY	http://www.nytimes.com
New York Law Journal	NY	http://www.law.com
Newsday	NY	/wiki/The_Denver_Post
Newsday	NY	http://www.newsday.com
Niagara Gazette	NY	http://www.niagara-gazette.com
Observer-Dispatch	NY	http://www.uticaod.com
Olean Times Herald	NY	http://www.oleantimesherald.com
The Post-Journal	NY	http://www.post-journal.com
The Post-Standard	NY	/w/index.php?title=List_of_newspapers_in_the_United_States&action=edit&section=3
The Post-Standard	NY	http://www.syracuse.com
The Post-Star	NY	http://www.poststar.com
Poughkeepsie Journal	NY	http://www.poughkeepsiejournal.com
Press & Sun Bulletin	NY	http://www.pressconnects.com
Press-Republican	NY	http://www.pressrepublican.com
Salamanca Press	NY	http://www.salamancapress.com
The Saratogian	NY	http://www.saratogian.com
Star-Gazette	NY	http://www.star-gazette.com
Staten Island Advance	NY	http://www.silive.com
Times Herald-Record	NY	http://www.recordonline.com
Tonawanda News	NY	http://www.tonawanda-news.com
The Wall Street Journal	NY	/wiki/USA_Today
The Wall Street Journal	NY	/wiki/San_Jose_Mercury_News
The Wall Street Journal	NY	http://www.wsj.com
Washington Square News	NY	http://www.www.nyunews.com
Asheville Citizen-Times	NC	/wiki/Asheville,_North_Carolina
Charlotte Observer	NC	/wiki/Charlotte,_North_Carolina
Clay County Progress	NC	/wiki/Hayesville,_North_Carolina
The Daily Dispatch	NC	/wiki/Douglas,_Arizona
The Daily Dispatch	NC	/wiki/Henderson,_North_Carolina
The Daily Reflector	NC	/wiki/Greenville,_North_Carolina
The Daily Tar Heel	NC	/wiki/University_of_North_Carolina_at_Chapel_Hill
The Dispatch	NC	/wiki/Lexington,_North_Carolina
Fayetteville Observer	NC	/wiki/Fayetteville,_North_Carolina
The Gaston Gazette	NC	/wiki/Gastonia,_North_Carolina
The Goldsboro News-Argus	NC	/wiki/Goldsboro,_North_Carolina
Greensboro News & Record	NC	/wiki/Greensboro,_North_Carolina
High Point Enterprise	NC	/wiki/High_Point,_North_Carolina
Jefferson Post	NC	/wiki/West_Jefferson,_North_Carolina
Kannapolis Citizen	NC	/wiki/Kannapolis,_North_Carolina
The Kinston Free Press	NC	/wiki/Kinston,_North_Carolina
Mount Airy News	NC	/wiki/Mount_Airy,_North_Carolina
Mountain Xpress	NC	/wiki/Asheville,_North_Carolina
The News & Observer	NC	/wiki/Raleigh,_North_Carolina
News-Topic	NC	/wiki/Lenoir,_North_Carolina
The Reidsville Review	NC	/wiki/Reidsville,_North_Carolina
Roanoke-Chowan News-Herald	NC	/wiki/Ahoskie,_North_Carolina
The Robesonian	NC	/wiki/Lumberton,_North_Carolina
Rocky Mount Telegram	NC	/wiki/Rocky_Mount,_North_Carolina
Salisbury Post	NC	/wiki/Salisbury,_North_Carolina
The Sanford Herald	NC	/wiki/Sanford,_North_Carolina
Smoky Mountain Sentinel	NC	/wiki/Hayesville,_North_Carolina
The Stanly News and Press	NC	/wiki/Albemarle,_North_Carolina
The Sun Journal	NC	/wiki/New_Bern,_North_Carolina
The Wake Weekly	NC	/wiki/Wake_Forest,_North_Carolina
Watauga Democrat	NC	/wiki/Boone,_North_Carolina
Wilkes Journal-Patriot	NC	/wiki/North_Wilkesboro,_North_Carolina
Winston-Salem Journal	NC	/wiki/Winston-Salem,_North_Carolina
The Yadkin Ripple	NC	/wiki/Yadkinville,_North_Carolina
Bismarck Tribune	ND	http://www.bismarcktribune.com
Devils Lake Journal	ND	http://www.devilslakejournal.com
The Dickinson Press	ND	http://www.thedickinsonpress.com
The Forum of Fargo-Moorhead	ND	http://www.in-forum.com
Grand Forks Herald	ND	http://www.grandforksherald.com
The Jamestown Sun	ND	http://www.jamestownsun.com
Minot Daily News	ND	http://www.minotdailynews.com
Valley City Times-Record	ND	http://www.times-online.com
Williston Daily Herald	ND	http://www.willistonherald.com
Akron Beacon Journal	OH	/wiki/Akron,_Ohio
The Repository	OH	/wiki/Canton,_Ohio
The Cincinnati Enquirer	OH	/wiki/Cincinnati,_Ohio
The Plain Dealer	OH	/wiki/The_Seattle_Times
The Plain Dealer	OH	/wiki/Cleveland,_Ohio
The Columbus Dispatch	OH	/wiki/Columbus,_Ohio
Dayton Daily News	OH	/wiki/Dayton,_Ohio
Tribune Chronicle	OH	/wiki/Warren,_Ohio
The Vindicator	OH	/wiki/Youngstown,_Ohio
Ada Evening News	OK	/wiki/Ada,_Oklahoma
Allen Advocate	OK	/wiki/Allen,_Oklahoma
Altus Times	OK	/wiki/Altus,_Oklahoma
Alva Review-Courier	OK	/wiki/Alva,_Oklahoma
Anadarko Daily News	OK	/wiki/Anadarko,_Oklahoma
The Atoka County Times	OK	/wiki/Atoka,_Oklahoma
Baptist Messenger	OK	/wiki/Oklahoma_City
Bartlesville Examiner-Enterprise	OK	/wiki/Bartlesville,_Oklahoma
Bishinik	OK	/wiki/Durant,_Oklahoma
Bixby Bulletin	OK	/wiki/Bixby,_Oklahoma
Blackwell Journal Tribune	OK	/wiki/Blackwell,_Oklahoma
The Broken Arrow Ledger	OK	/wiki/Broken_Arrow,_Oklahoma
The Capitol Hill Beacon	OK	/wiki/Oklahoma_City,_Oklahoma
Chickasha Express Star	OK	/wiki/Chickasha,_Oklahoma
Claremore Daily Progress	OK	/wiki/Claremore,_Oklahoma
Clinton Daily News	OK	/wiki/Clinton,_Oklahoma
Coalgate Record Register	OK	/wiki/Coalgate,_Oklahoma
Cushing Citizen	OK	/wiki/Cushing,_Oklahoma
Daily Ardmoreite	OK	/wiki/Ardmore,_Oklahoma
Daily Ardmoreite	OK	/wiki/Ardmore,_Oklahoma
Daily O'Collegian	OK	/wiki/Oklahoma_State_University_-_Stillwater
Duncan Banner	OK	/wiki/Duncan,_Oklahoma
Eastern Oklahoma Catholic	OK	/wiki/Tulsa,_Oklahoma
Edmond Sun	OK	/wiki/Edmond,_Oklahoma
Elk City Daily News	OK	/wiki/Elk_City,_Oklahoma
Lawton Constitution	OK	/wiki/Lawton,_Oklahoma
Norman Transcript	OK	/wiki/Norman,_Oklahoma
Oklahoma Daily	OK	/wiki/University_of_Oklahoma
Oklahoma Gazette	OK	/wiki/Oklahoma_City,_Oklahoma
The Oklahoman	OK	/wiki/Oklahoma_City,_Oklahoma
Pauls Valley Daily Democrat	OK	/wiki/Pauls_Valley,_Oklahoma
Sapulpa Daily Herald	OK	/wiki/Sapulpa,_Oklahoma
Shawnee News-Star	OK	/wiki/Shawnee,_Oklahoma
Sooner Catholic	OK	/wiki/Oklahoma_City,_Oklahoma
Tahlequah Daily Press	OK	/wiki/Tahlequah,_Oklahoma
Tulsa World	OK	/wiki/Tulsa,_Oklahoma
University of Tulsa Collegian	OK	/wiki/University_of_Tulsa
Urban Tulsa Weekly	OK	/wiki/Tulsa,_Oklahoma
Weatherford Daily News	OK	/wiki/Weatherford,_Oklahoma
Woodward News	OK	/wiki/Woodward,_Oklahoma
Yukon Review	OK	/wiki/Yukon,_Oklahoma
Albany Democrat-Herald	OR	/wiki/Albany,_Oregon
Ashland Daily Tidings	OR	/wiki/Ashland,_Oregon
The Daily Astorian	OR	/wiki/Astoria,_Oregon
Baker City Herald	OR	/w/index.php?title=Bandon_Western_World&action=edit&redlink=1
Beaverton Valley Times	OR	/wiki/Beaverton,_Oregon
Curry Coastal Pilot	OR	/wiki/Brookings,_Oregon
Burns Times-Herald	OR	/wiki/Burns,_Oregon
Canby Herald	OR	/wiki/Canby,_Oregon
Corvallis Gazette-Times	OR	/wiki/Corvallis,_Oregon
Cottage Grove Sentinel	OR	/wiki/Cottage_Grove,_Oregon
Polk County Itemizer-Observer	OR	/wiki/Dallas,_Oregon
Eugene Weekly	OR	/wiki/Eugene,_Oregon
The Register-Guard	OR	/wiki/Siuslaw_News
Siuslaw News	OR	/wiki/Florence,_Oregon
Grants Pass Daily Courier	OR	/wiki/Grants_Pass,_Oregon
The Hermiston Herald	OR	/wiki/Hermiston,_Oregon
The Hillsboro Argus	OR	/wiki/Hillsboro,_Oregon
Hood River News	OR	/wiki/Hood_River,_Oregon
Keizertimes	OR	/wiki/Keizer,_Oregon
Herald and News	OR	/wiki/Klamath_Falls,_Oregon
Lake Oswego Review	OR	/wiki/Lake_Oswego,_Oregon
Lake County Examiner	OR	/wiki/Lakeview,_Oregon
Lebanon Express	OR	/wiki/Lebanon,_Oregon
The Madras Pioneer	OR	/wiki/Madras,_Oregon
Mail Tribune	OR	/wiki/Medford,_Oregon
Newberg Graphic	OR	/wiki/Newberg,_Oregon
Argus Observer	OR	/wiki/Ontario,_Oregon
East Oregonian	OR	/wiki/Pendleton,_Oregon
Catholic Sentinel	OR	/wiki/Daily_Journal_of_Commerce
Daily Journal of Commerce	OR	/wiki/Jewish_Review
Jewish Review	OR	/wiki/Northwest_Labor_Press
Northwest Labor Press	OR	/wiki/The_Oregonian
The Oregonian	OR	/wiki/The_San_Diego_Union-Tribune
The Oregonian	OR	/wiki/Portland_Business_Journal
Portland Business Journal	OR	/wiki/Portland_Tribune
Portland Tribune	OR	/wiki/Portland_Alliance
Portland Alliance	OR	/wiki/The_Portland_Mercury
The Portland Mercury	OR	/w/index.php?title=The_Skanner&action=edit&redlink=1
Street Roots	OR	/wiki/Willamette_Week
Willamette Week	OR	/wiki/Central_Oregonian
Central Oregonian	OR	/wiki/Prineville,_Oregon
The Redmond Spokesman	OR	/wiki/Redmond,_Oregon
The Umpqua Post	OR	/wiki/Reedsport,_Oregon
The News-Review	OR	/wiki/Roseburg,_Oregon
Capital Press	OR	/wiki/Salem,_Oregon
Salem Weekly	OR	/wiki/Statesman_Journal
Statesman Journal	OR	/wiki/The_Sandy_Post
The Sandy Post	OR	/wiki/Sandy,_Oregon
Seaside Signal	OR	/wiki/Seaside,_Oregon
Nugget Newspaper	OR	/wiki/Sisters,_Oregon
The Dalles Chronicle	OR	/wiki/The_Dalles,_Oregon
West Linn Tidings	OR	/wiki/West_Linn,_Oregon
Wilsonville Spokesman	OR	/wiki/Wilsonville,_Oregon
Woodburn Independent	OR	/wiki/Woodburn,_Oregon
Altoona Mirror	PA	/wiki/Altoona,_Pennsylvania
Beaver County Times	PA	/wiki/Beaver,_Pennsylvania
Centre Daily Times	PA	http://www.centredaily.com
Citizens' Voice	PA	http://www.citizensvoice.com
The Daily Local News	PA	http://www.dailylocal.com
Erie Times-News	PA	http://www.goerie.com
The Express-Times	PA	http://www.nj.com/expresstimes
The Intelligencer	PA	http://www.theintelligencer.net
Intelligencer Journal	PA	http://www.lancasteronline.com
The Morning Call	PA	http://www.mcall.com
The News-Item	PA	http://www.newsitem.com
The Patriot-News	PA	http://www.patriot-news.com
Philadelphia City Paper	PA	http://www.citypaper.net
Philadelphia Daily News	PA	/wiki/Newsday
Philadelphia Daily News	PA	http://www.phillynews.com
Philadelphia Front Page News	PA	http://www.http://www.frontpagenews.us/
The Philadelphia Inquirer	PA	/wiki/Philadelphia_Daily_News
The Philadelphia Inquirer	PA	http://www.phillynews.com
Philadelphia Tribune	PA	http://www.phila-tribune.com
Pittsburgh Post-Gazette	PA	/wiki/The_Berkshire_Eagle
Pittsburgh Post-Gazette	PA	http://www.post-gazette.com
Pittsburgh Tribune-Review	PA	http://www.pghtrib.com
Pocono Record	PA	http://www.poconorecoord.com
Public Opinion	PA	http://www.publicopiniononline.com
Reading Eagle	PA	http://www.readingeagle.com
The Republican & Herald	PA	http://www.schuylkill.com
Times Leader	PA	http://www.timesleader.com
The Tribune-Democrat	PA	http://www.tribune-democrat.com
Williamsport Sun Gazette	PA	http://www.sungazette.com
York Daily Record	PA	http://www.ydr.com
The York Dispatch	PA	http://www.yorkdispatch.com
Warwick Daily Times	RI	/wiki/RISN_Operations
The Post and Courier	SC	/wiki/The_Post-Standard
The Post and Courier	SC	/wiki/Charleston,_South_Carolina
Morning News	SC	/wiki/Florence,_South_Carolina
The Greenville News	SC	/wiki/Greenville,_South_Carolina
Aberdeen American News	SD	/wiki/Aberdeen,_South_Dakota
American News	SD	/wiki/Aberdeen,_South_Dakota
Beresford Republic	SD	/wiki/Beresford,_South_Dakota
Capital Journal	SD	/wiki/Pierre,_South_Dakota
Huron Plainsman	SD	/wiki/Huron,_South_Dakota
Indian Country Today	SD	/wiki/Rapid_City,_South_Dakota
Rapid City Journal	SD	/wiki/Rapid_City,_South_Dakota
Argus Leader	SD	/wiki/Sioux_Falls,_South_Dakota
Plain Talk	SD	/wiki/Vermillion,_South_Dakota
True Dakotan	SD	/wiki/Wessington_Springs,_South_Dakota
The Greeneville Sun	TN	http://www.greenevillesun.com
Chattanooga Times Free Press	TN	http://www.timesfreepress.com
Kingsport Times-News	TN	http://www.timesnews.net
Knoxville News Sentinel	TN	http://www.knoxnews.com
Out & About Newspaper	TN	/wiki/Nashville,_Tennessee
Commercial Appeal	TN	http://www.commercialappeal.com
Memphis Flyer	TN	http://www.memphisflyer.com
Memphis Daily News	TN	http://www.memphisdailynews.com
The Tennessean	TN	http://www.tennessean.com
The Jackson Sun	TN	http://www.jacksonsun.com
Herald & Tribune	TN	http://www.heraldandtribune.com
The Daily News Journal	TN	/wiki/Murfreesboro,_Tennessee
Bennington Banner	VT	/wiki/Bennington,_Vermont
Barre Montpelier Times Argus	VT	/wiki/Barre_(city),_Vermont
Brattleboro Reformer	VT	/wiki/Brattleboro,_Vermont
Burlington Free Press	VT	/wiki/Burlington,_Vermont
Caledonian-Record	VT	/wiki/St._Johnsbury,_Vermont
Newport Daily Express	VT	/wiki/Newport_(city),_Vermont
Rutland Herald	VT	/wiki/Norwich_Bulletin
Rutland Herald	VT	/wiki/Rutland_(city),_Vermont
St. Albans Messenger	VT	/wiki/St._Albans_(town),_Vermont
Bristol Herald Courier	VA	http://www.tricities.com
Culpeper Star Exponent	VA	http://www.starexponent.com
The Daily Progress	VA	http://www.dailyprogress.com
Danville Register & Bee	VA	http://www.registerbee.com
Martinsville Bulletin	VA	http://www.martinsvillebulletin.com
The News & Advance	VA	http://www.newsadvance.com
The News Leader	VA	http://www.newsleader.com
The News Virginian	VA	http://www.newsvirginian.com
Potomac News	VA	http://www.potomacnews.com
The Progress-Index	VA	http://www.progress-index.com
Richmond Times-Dispatch	VA	http://www.timesdispatch.com/
The Roanoke Times	VA	http://www.roanoke.com
The Virginian-Pilot	VA	http://www.hamptonroads.com/pilotonline
Virginian Review	VA	http://www.alleghenyhighlands.com
The Washington Examiner	VA	http://www.dcexaminer.com
The Washington Examiner	VA	/wiki/Roll_Call
Winchester Star	VA	http://www.winchesterstar.com/
The Columbian	WA	/wiki/Vancouver,_Washington
The Daily World	WA	/wiki/Aberdeen,_Washington
King County Journal	WA	/wiki/Bellevue,_Washington
Kitsap Sun	WA	/wiki/Bremerton,_Washington
Maandblad de Krant	WA	http://www.dekrant.ca
The Olympian	WA	/wiki/Olympia,_Washington
Seattle Post-Intelligencer	WA	/wiki/Seattle,_Washington
The Seattle Times	WA	/wiki/Chicago_Sun-Times
The Seattle Times	WA	/wiki/Seattle,_Washington
Seattle Weekly	WA	/wiki/Seattle,_Washington
Spokesman-Review	WA	/wiki/Spokane,_Washington
Tri-City Herald	WA	/wiki/Kennewick,_Washington
Whidbey News-Times	WA	/wiki/Oak_Harbor,_Washington
Yakima Herald-Republic	WA	/wiki/Yakima,_Washington
The Washington Post	DC	/wiki/Daily_News_(New_York)
The Washington Post	DC	/wiki/The_Washington_Times
The Washington Times	DC	/wiki/Express_(newspaper)
The Washington Examiner	DC	http://www.dcexaminer.com
The Washington Examiner	DC	/wiki/Roll_Call
Roll Call	DC	/wiki/The_Hill_(newspaper)
Charleston Daily Mail	WV	/wiki/Charleston,_West_Virginia
The Charleston Gazette	WV	/wiki/Charleston,_West_Virginia
Times West Virginian	WV	http://www.timeswv.com
The Herald-Dispatch	WV	/wiki/Huntington,_West_Virginia
The Parkersburg News and Sentinel	WV	/wiki/Parkersburg,_West_Virginia
The Intelligencer	WV	http://www.theintelligencer.net
Wheeling News-Register	WV	http://www.news-register.net
The Post-Crescent	WI	/wiki/Gannett
Ashland Daily Press	WI	/wiki/Heartland_Publications
Baraboo News Republic	WI	/wiki/Capital_Newspapers
Beloit Daily News	WI	http://www.beloitdailynews.com/
Kenosha News	WI	http://www.kenoshanews.com
La Crosse Tribune	WI	/wiki/Lee_Enterprises
Grant County Herald Independent	WI	/w/index.php?title=Morris_Newspaper_Corp.&action=edit&redlink=1
The Badger Herald	WI	http://www.badgerherald.com/
Capital Times	WI	/wiki/Capital_Newspapers
The Daily Cardinal	WI	http://www.dailycardinal.com
Wisconsin State Journal	WI	/wiki/Capital_Newspapers
Manitowoc Herald Times Reporter	WI	/wiki/Gannett
The Star News	WI	/w/index.php?title=TP_Printing&action=edit&redlink=1
Shepherd Express	WI	http://www.shepherd-express.com
UWM Post	WI	http://www.uwmpost.com
Mukwonago Chief	WI	/w/index.php?title=Mukwonago_Publications&action=edit&redlink=1
Oshkosh Northwestern	WI	/wiki/Gannett
Portage Daily Register	WI	/wiki/Capital_Newspapers
Rhinelander Daily News	WI	/w/index.php?title=Northern_Lakes_Publishing&action=edit&redlink=1
Westosha Report	WI	/w/index.php?title=Southern_Lakes_Newspapers&action=edit&redlink=1
Watertown Daily Times	WI	http://www.wdtimes.com/
Wausau Daily Herald	WI	/wiki/Gannett
Wisconsin Rapids Daily Tribune	WI	/wiki/Gannett
Waushara Argus	WI	http://www.wausharaargus.com/
Casper Star-Tribune	WY	http://www.trib.com
Wyoming Tribune Eagle	WY	/wiki/Cheyenne,_Wyoming
Laramie Boomerang	WY	/wiki/Laramie,_Wyoming
Rock Springs Daily Rocket-Miner	WY	http://www.rocketminer.com
